word1,word2,sim
old,new,0.2664716839790344
smart,intelligent,0.797015905380249
hard,difficult,0.4376277029514313
happy,cheerful,0.8768062591552734
hard,easy,0.703116774559021
fast,rapid,0.6320006251335144
happy,glad,0.858594536781311
short,long,0.7140617370605469
stupid,dumb,0.9125769138336182
weird,strange,0.9426409602165222
wide,narrow,0.5197413563728333
bad,awful,0.9178999662399292
easy,difficult,0.8906552791595459
bad,terrible,0.9386295676231384
hard,simple,0.5345128178596497
smart,dumb,0.9075164198875427
insane,crazy,0.5611996650695801
happy,mad,0.7621961236000061
large,huge,0.8186787962913513
hard,tough,0.6055618524551392
new,fresh,0.29662880301475525
sharp,dull,0.8398414850234985
quick,rapid,0.6249404549598694
dumb,foolish,0.9355109930038452
wonderful,terrific,0.9124402403831482
strange,odd,0.8721603155136108
happy,angry,0.8982540965080261
narrow,broad,0.5945351123809814
simple,easy,0.8562671542167664
old,fresh,0.14848807454109192
apparent,obvious,0.8719868659973145
inexpensive,cheap,0.9250769019126892
nice,generous,0.46517980098724365
weird,normal,0.36856046319007874
weird,odd,0.8829768300056458
bad,immoral,0.7805697917938232
sad,funny,0.9313554763793945
wonderful,great,0.6641795635223389
guilty,ashamed,0.8359759449958801
beautiful,wonderful,0.9486742615699768
confident,sure,0.9682683944702148
dumb,dense,0.8394469618797302
large,big,0.434219092130661
nice,cruel,0.5660311579704285
impatient,anxious,0.9242243766784668
big,broad,0.6201460957527161
strong,proud,0.7381816506385803
unnecessary,necessary,0.9490985870361328
restless,young,0.6795531511306763
dumb,intelligent,0.7676228284835815
bad,great,0.5593751668930054
difficult,simple,0.8368112444877625
necessary,important,0.7723972797393799
bad,terrific,0.8446781039237976
mad,glad,0.6620826125144958
honest,guilty,0.7326201796531677
easy,tough,0.9360698461532593
easy,flexible,0.7369664311408997
certain,sure,0.8666249513626099
essential,necessary,0.8864059448242188
different,normal,0.5593093037605286
sly,clever,0.8444249629974365
crucial,important,0.7236369848251343
harsh,cruel,0.9586559534072876
childish,foolish,0.9332412481307983
scarce,rare,0.790686845779419
friendly,generous,0.14528512954711914
fragile,frigid,0.9451830387115479
long,narrow,0.5847238302230835
big,heavy,0.6623901724815369
rough,frigid,0.7941150069236755
bizarre,strange,0.949679434299469
illegal,immoral,0.8364587426185608
bad,guilty,0.6991584897041321
modern,ancient,0.9161111116409302
new,ancient,0.24350842833518982
dull,funny,0.9053900241851807
happy,young,0.5621712803840637
easy,big,0.6533994078636169
great,awful,0.5999571681022644
tiny,huge,0.7318617105484009
polite,proper,0.8468648791313171
modest,ashamed,0.8758846521377563
exotic,rare,0.8784273862838745
dumb,clever,0.9078476428985596
delightful,wonderful,0.9394603967666626
noticeable,obvious,0.928511917591095
afraid,anxious,0.9426047801971436
formal,proper,0.8171073198318481
dreary,dull,0.9424847364425659
delightful,cheerful,0.9492891430854797
unhappy,mad,0.5153054594993591
sad,terrible,0.9175757169723511
sick,crazy,0.6637130975723267
violent,angry,0.9114795327186584
laden,heavy,0.6114617586135864
dirty,cheap,0.9041969180107117
elastic,flexible,0.945917010307312
hard,dense,0.5205257534980774
recent,new,0.24760302901268005
bold,proud,0.5147579908370972
sly,strange,0.84651118516922
strange,sly,0.84651118516922
dumb,rare,0.7899721264839172
sly,tough,0.7149959206581116
terrific,mad,0.5735800266265869
modest,flexible,0.8515778183937073
fresh,wide,0.674536406993866
huge,dumb,0.7889695763587952
large,flexible,0.8064319491386414
dirty,narrow,0.5352598428726196
wife,husband,0.9076164364814758
book,text,0.8177775740623474
groom,bride,0.9022351503372192
night,day,0.8116990923881531
south,north,0.8973560929298401
plane,airport,0.5270378589630127
uncle,aunt,0.9282534122467041
horse,mare,0.5200329422950745
bottom,top,0.84103924036026
friend,buddy,0.7892246246337891
student,pupil,0.7706669569015503
world,globe,0.4960392117500305
leg,arm,0.7188178896903992
plane,jet,0.5901873707771301
woman,man,0.7887250781059265
horse,colt,0.556178092956543
actress,actor,0.9831500053405762
teacher,instructor,0.8368463516235352
movie,film,0.9347053170204163
bird,hawk,0.6379765272140503
word,dictionary,0.6312064528465271
money,salary,0.7672931551933289
dog,cat,0.638839066028595
area,region,0.852245032787323
navy,army,0.9586005210876465
book,literature,0.5633122324943542
clothes,closet,0.8117033839225769
sunset,sunrise,0.8614727258682251
child,adult,0.5756158828735352
cow,cattle,0.8600661158561707
book,story,0.9030898809432983
winter,summer,0.9672670960426331
taxi,cab,0.9447494149208069
tree,maple,0.25006720423698425
bed,bedroom,0.906639814376831
roof,ceiling,0.8787753582000732
disease,infection,0.8764990568161011
arm,shoulder,0.7949573397636414
sheep,lamb,0.5455759763717651
lady,gentleman,0.6658853888511658
boat,anchor,0.5371810793876648
priest,monk,0.8238623142242432
toe,finger,0.9156526923179626
river,stream,0.42853277921676636
anger,fury,0.4800384044647217
date,calendar,0.49606645107269287
sea,ocean,0.7646079063415527
second,minute,0.5789201259613037
hand,thumb,0.4388217031955719
wood,log,0.361429899930954
mud,dirt,0.7631261944770813
hallway,corridor,0.8708003163337708
way,manner,0.7381371259689331
mouse,cat,0.5973790884017944
cop,sheriff,0.16355976462364197
death,burial,0.7596009373664856
music,melody,0.6527782082557678
beer,alcohol,0.8042345643043518
mouth,lip,0.87070631980896
storm,hurricane,0.7217647433280945
tax,income,0.80899977684021
flower,violet,0.6752526760101318
paper,cardboard,0.7818529605865479
floor,ceiling,0.7047110199928284
beach,seashore,0.6000675559043884
rod,curtain,0.5364865064620972
hound,fox,0.7137555480003357
street,alley,0.675143301486969
boat,deck,0.863393247127533
car,horn,0.2438032329082489
friend,guest,0.3377053737640381
employer,employee,0.7674002647399902
hand,wrist,0.853451669216156
ball,cannon,0.4982883632183075
alcohol,brandy,0.6923186182975769
victory,triumph,0.8440747857093811
telephone,booth,0.5937756896018982
door,doorway,0.7010296583175659
motel,inn,0.5662252902984619
clothes,cloth,0.8036767840385437
steak,meat,0.7655194401741028
nail,thumb,0.5470485687255859
band,orchestra,0.5588468313217163
book,bible,0.6349244117736816
business,industry,0.7881611585617065
winter,season,0.5439081788063049
decade,century,0.5626856684684753
alcohol,gin,0.7858964800834656
hat,coat,0.1441548615694046
window,door,0.6994452476501465
arm,wrist,0.8480671048164368
house,apartment,0.6767536997795105
glass,crystal,0.27873465418815613
wine,brandy,0.7353063225746155
creator,maker,0.901752233505249
dinner,breakfast,0.7081490159034729
arm,muscle,0.8714056015014648
bread,flour,0.8577176332473755
death,tragedy,0.6140776872634888
absence,presence,0.6392435431480408
gun,cannon,0.5097238421440125
grass,blade,0.44044604897499084
ball,basket,0.6316813230514526
hose,garden,0.5513980984687805
boy,kid,0.7537385821342468
church,choir,0.6375849843025208
clothes,drawer,0.7650882005691528
tower,bell,0.5464911460876465
father,parent,0.483493447303772
school,grade,0.4958535134792328
parent,adult,0.5646401643753052
bar,jail,0.4999816119670868
car,highway,0.3709912598133087
dictionary,definition,0.8015563488006592
door,cellar,0.6853082776069641
army,legion,0.7930641174316406
metal,aluminum,0.8304157257080078
chair,bench,0.1640942245721817
cloud,fog,0.5512489676475525
boy,son,0.45997944474220276
water,ice,0.6458687782287598
bed,blanket,0.8483893871307373
attorney,lawyer,0.7564657926559448
area,zone,0.5075652599334717
business,company,0.6675577759742737
clothes,fabric,0.7917307615280151
sweater,jacket,0.77412348985672
money,capital,0.4257758855819702
hand,foot,0.6144586205482483
alcohol,cocktail,0.7769634127616882
yard,inch,0.8424224853515625
molecule,atom,0.9204515814781189
lens,camera,0.487562894821167
meal,dinner,0.90727698802948
eye,tear,0.8848198652267456
god,devil,0.6870417594909668
loop,belt,0.838752031326294
rat,mouse,0.9083431363105774
motor,engine,0.6087307929992676
car,cab,0.5180764198303223
cat,lion,0.6010083556175232
size,magnitude,0.8235539793968201
reality,fantasy,0.9349091649055481
door,gate,0.6369315385818481
cat,pet,0.42731404304504395
tin,aluminum,0.8388626575469971
bone,jaw,0.6575333476066589
cereal,wheat,0.39374154806137085
house,key,0.06360616534948349
blood,flesh,0.9067844152450562
door,corridor,0.6080981492996216
god,spirit,0.7952111959457397
capability,competence,0.9511635899543762
abundance,plenty,0.8892089128494263
sofa,chair,0.37873005867004395
wall,brick,0.868991494178772
horn,drum,0.6472456455230713
organ,liver,0.5010225176811218
strength,might,0.7380266785621643
phrase,word,0.9696808457374573
band,parade,0.7057247161865234
stomach,waist,0.7416856288909912
cloud,storm,0.4565627872943878
joy,pride,0.5435211658477783
noise,rattle,0.6393712759017944
rain,mist,0.7349333763122559
beer,beverage,0.7556921243667603
man,uncle,0.3307211995124817
apple,juice,0.865661084651947
intelligence,logic,0.7966427803039551
communication,language,0.8413366675376892
mink,fur,0.46206918358802795
mob,crowd,0.6482568383216858
shore,coast,0.8035449385643005
wire,cord,0.8330752849578857
bird,turkey,0.13493451476097107
bed,crib,0.6816926002502441
competence,ability,0.8188362717628479
cloud,haze,0.6625192761421204
supper,meal,0.9224061369895935
bar,cage,-0.08104550093412399
water,salt,0.29140937328338623
sense,intuition,0.7983453273773193
situation,condition,0.8628009557723999
crime,theft,0.8515946269035339
style,fashion,0.7738632559776306
boundary,border,0.8499312996864319
arm,body,0.5445898175239563
boat,car,0.5518036484718323
sandwich,lunch,0.6765038371086121
bride,princess,0.7520952224731445
heroine,hero,0.88829106092453
car,gauge,0.3521641492843628
insect,bee,0.7945913076400757
crib,cradle,0.9127621054649353
animal,person,0.5505544543266296
marijuana,herb,0.38982439041137695
bed,hospital,0.44306156039237976
cheek,tongue,0.8934081792831421
disc,computer,0.48494380712509155
curve,angle,0.7556206583976746
grass,moss,0.3982526957988739
school,law,0.7031669616699219
foot,head,0.2991219460964203
mother,guardian,0.5265993475914001
orthodontist,dentist,0.7689152359962463
alcohol,whiskey,0.779935359954834
mouth,tooth,0.744877278804779
breakfast,bacon,0.40110525488853455
bathroom,bedroom,0.8905792236328125
plate,bowl,0.7369870543479919
meat,bacon,0.42511317133903503
air,helium,0.5291687846183777
worker,employer,0.7832092046737671
body,chest,0.8291022777557373
son,father,0.7511507868766785
heart,surgery,0.7613971829414368
woman,secretary,0.3767499029636383
man,father,0.2965322732925415
beach,island,0.7518386840820312
story,topic,0.7166895270347595
game,fun,0.4648086726665497
weekend,week,0.8120415210723877
couple,pair,0.4786510467529297
woman,wife,0.4012830853462219
sheep,cattle,0.9261530637741089
purse,bag,0.7832942605018616
ceiling,cathedral,0.6194624304771423
bean,coffee,0.6204699277877808
wood,paper,0.5338923931121826
top,side,0.5302423238754272
crime,fraud,0.76785808801651
pain,harm,0.9341192245483398
lover,companion,0.7012647986412048
evening,dusk,0.7572156190872192
father,daughter,0.7794318199157715
wine,liquor,0.767807126045227
cow,goat,0.9442501068115234
belief,opinion,0.9762349128723145
reality,illusion,0.812019944190979
pact,agreement,0.7840270400047302
wealth,poverty,0.8845354318618774
accident,emergency,0.48860660195350647
battle,conquest,0.7639511823654175
friend,teacher,0.6671425104141235
illness,infection,0.8253236413002014
game,trick,0.8957079648971558
brother,son,0.8766651749610901
aunt,nephew,0.8226079344749451
worker,mechanic,0.9053533673286438
doctor,orthodontist,0.6050323843955994
oak,maple,0.6462857127189636
bee,queen,0.46894416213035583
car,bicycle,0.5154314637184143
goal,quest,0.433183491230011
august,month,0.45245471596717834
army,squad,0.5617427229881287
cloud,weather,0.48475614190101624
physician,doctor,0.7262448668479919
canyon,valley,0.8876863121986389
river,valley,0.8420194983482361
sun,sky,0.7529350519180298
target,arrow,0.8760694861412048
chocolate,pie,0.8575617671012878
circumstance,situation,0.8678187727928162
opinion,choice,0.6106395125389099
rhythm,melody,0.8985710144042969
gut,nerve,0.7215852737426758
day,dawn,0.6110096573829651
cattle,beef,0.8053963780403137
doctor,professor,0.8284122347831726
arm,vein,0.6236811876296997
room,bath,0.3836202621459961
corporation,business,0.6862362623214722
fun,football,0.13061699271202087
hill,cliff,0.6402381062507629
bone,ankle,0.7599418759346008
apple,candy,0.7601710557937622
helper,maid,0.8574591279029846
leader,manager,0.6285601854324341
lemon,tea,0.5070952773094177
bee,ant,0.8892778158187866
basketball,baseball,0.9410236477851868
rice,bean,0.6195213198661804
bed,furniture,0.5663607120513916
emotion,passion,0.8523494601249695
anarchy,chaos,0.7939311265945435
crime,violation,0.7033362984657288
machine,engine,0.7456443905830383
beach,sea,0.5801700353622437
alley,bowl,0.5319057703018188
jar,bottle,0.7574548721313477
strength,capability,0.8420426249504089
seed,mustard,0.48119059205055237
guitar,drum,0.8293485641479492
opinion,idea,0.9485021829605103
north,west,0.9649583101272583
diet,salad,0.7005410194396973
mother,wife,0.8795945048332214
dad,mother,0.6391841173171997
captain,sailor,0.5094034075737
meter,yard,0.7754402756690979
beer,champagne,0.7816987037658691
motor,boat,0.7631434202194214
card,bridge,0.4552513360977173
science,psychology,0.9541558027267456
sinner,saint,0.272915780544281
destruction,construction,0.8416305780410767
crowd,bunch,0.7172131538391113
beach,reef,0.5767411589622498
man,child,0.5470404624938965
bread,cheese,0.9184997081756592
champion,winner,0.7432952523231506
celebration,ceremony,0.8223391175270081
menu,order,0.5527076721191406
king,princess,0.7946783304214478
wealth,prestige,0.8518611192703247
endurance,strength,0.3466916084289551
danger,threat,0.8491406440734863
god,priest,0.3142431676387787
men,fraternity,0.24874503910541534
buddy,companion,0.4634820818901062
teacher,helper,0.6890949010848999
body,stomach,0.6901553869247437
tongue,throat,0.7398568391799927
house,carpet,0.24052374064922333
intelligence,skill,0.5894679427146912
journey,conquest,0.6158612370491028
god,prey,0.6993902921676636
brother,soul,0.271548330783844
adversary,opponent,0.5995405316352844
death,catastrophe,0.42421668767929077
monster,demon,0.7493411302566528
day,morning,0.6769436001777649
man,victor,0.3385545313358307
friend,guy,0.7901232242584229
song,story,0.871003270149231
ray,sunshine,0.5212075710296631
guy,stud,0.6319776773452759
chicken,rice,0.443306565284729
box,elevator,0.7001062631607056
butter,potato,0.8875932097434998
apartment,furniture,0.6392874121665955
lake,swamp,0.41847631335258484
salad,vinegar,0.883683979511261
flower,bulb,0.7712758779525757
cloud,mist,0.5870442986488342
driver,pilot,0.5097349286079407
sugar,honey,0.7480217218399048
body,shoulder,0.4964401423931122
idea,image,0.8497943878173828
father,brother,0.8577210903167725
moon,planet,0.8565656542778015
ball,costume,0.24550332129001617
rail,fence,0.730902373790741
room,bed,0.8591212630271912
flower,bush,0.6572661995887756
bone,knee,0.7843927145004272
arm,knee,0.7861688733100891
bottom,side,0.6982225179672241
vessel,vein,0.751181960105896
cat,rabbit,0.6689466834068298
meat,sandwich,0.6733683943748474
belief,concept,0.8538327217102051
intelligence,insight,0.7504838109016418
attention,interest,0.8335868716239929
attitude,confidence,0.9117221832275391
right,justice,0.17094331979751587
argument,agreement,0.7476888298988342
depth,magnitude,0.7937343120574951
medium,news,0.41010475158691406
winner,candidate,0.3569399118423462
birthday,date,0.6103396415710449
fee,payment,0.7405465245246887
bible,hymn,0.7239083051681519
exit,doorway,0.641320526599884
man,sentry,0.4621798098087311
aisle,hall,0.6221175193786621
whiskey,gin,0.9148849844932556
blood,marrow,0.6501244902610779
oil,mink,0.36902791261672974
floor,deck,0.8373875021934509
roof,floor,0.830286979675293
door,floor,0.8345940709114075
shoulder,head,0.17897619307041168
wagon,carriage,0.8588186502456665
car,carriage,0.35338371992111206
elbow,ankle,0.9828208088874817
wealth,fame,0.18251852691173553
sorrow,shame,0.9494642019271851
administration,management,0.8890573978424072
communication,conversation,0.5676992535591125
pollution,atmosphere,0.8691014051437378
anatomy,biology,0.9427211880683899
college,profession,0.45336928963661194
book,topic,0.7696515917778015
formula,equation,0.17536763846874237
book,information,0.5149809122085571
boy,partner,0.6577289700508118
sky,universe,0.768425703048706
population,people,0.8198915719985962
college,class,0.5738710761070251
chief,mayor,0.7733007073402405
rabbi,minister,0.6736438870429993
meter,inch,0.7141823768615723
polyester,cotton,0.6304502487182617
lawyer,banker,0.9227957129478455
violin,instrument,0.6941773891448975
camp,cabin,0.5292374491691589
pot,appliance,0.6936681270599365
linen,fabric,0.8904524445533752
whiskey,champagne,0.7638539671897888
girl,child,0.7071789503097534
cottage,cabin,0.7992671728134155
bird,hen,0.8039720058441162
racket,noise,0.7617408633232117
sunset,evening,0.7188405394554138
adult,baby,0.574288547039032
charcoal,coal,0.7433819770812988
body,spine,0.8773167133331299
head,nail,0.31218793988227844
log,timber,0.5985497832298279
spoon,cup,0.5348172783851624
body,nerve,0.7467514276504517
man,husband,0.4161546528339386
bone,neck,0.9054716229438782
frustration,anger,0.9564055800437927
river,sea,0.8191663026809692
task,job,0.5628417134284973
club,society,0.12882564961910248
reflection,image,0.9294379949569702
prince,king,0.8779368996620178
snow,weather,0.7279261946678162
people,party,0.6746379137039185
boy,brother,0.5823183655738831
root,grass,0.24054229259490967
brow,eye,0.7721078395843506
money,pearl,0.3883020281791687
money,diamond,0.43051421642303467
vehicle,bus,0.8784777522087097
cab,bus,0.9300573468208313
house,barn,0.6832485795021057
finger,palm,0.04636544734239578
car,bridge,0.2887929677963257
effort,difficulty,0.758292019367218
fact,insight,0.7592337727546692
job,management,0.5529740452766418
cancer,sickness,0.6795779466629028
word,newspaper,0.5811707973480225
composer,writer,0.9551675915718079
actor,singer,0.975587010383606
shelter,hut,0.9090398550033569
bathroom,kitchen,0.8414133787155151
cabin,hut,0.8972826600074768
door,kitchen,0.7558559775352478
value,belief,0.780348002910614
wisdom,intelligence,0.6618830561637878
ignorance,intelligence,0.6621513962745667
happiness,luck,0.8629388809204102
idea,scheme,0.8966211676597595
mood,emotion,0.9599160552024841
happiness,peace,0.49378398060798645
despair,misery,0.9692078232765198
logic,arithmetic,0.9456596970558167
denial,confession,0.876493513584137
argument,criticism,0.888550341129303
aggression,hostility,0.9066766500473022
hysteria,confusion,0.8678144216537476
chemistry,theory,0.7656096816062927
trial,verdict,0.7126871943473816
comfort,safety,0.6278552412986755
confidence,self,0.7274281978607178
vision,perception,0.9552544355392456
era,decade,0.6373549103736877
biography,fiction,0.31106531620025635
discussion,argument,0.8717096447944641
code,symbol,0.9060695767402649
danger,disease,0.6871209144592285
accident,catastrophe,0.655124306678772
journey,trip,0.8059437274932861
activity,movement,0.8097987174987793
gossip,news,0.7357463836669922
father,god,0.4723096191883087
action,course,0.46387723088264465
fever,illness,0.8730530738830566
aviation,flight,0.6510007381439209
game,action,0.5196276903152466
molecule,air,0.5369957089424133
home,state,0.32346946001052856
word,literature,0.4553845226764679
adult,guardian,0.6923248171806335
newspaper,information,0.6975976824760437
communication,television,0.4891907572746277
cousin,uncle,0.9418484568595886
author,reader,0.7614930272102356
guy,partner,0.5324884653091431
area,corner,0.5083997845649719
ballad,song,0.891321063041687
wall,decoration,0.5914917588233948
word,page,0.7221401929855347
nurse,scientist,0.8354349136352539
politician,president,0.7496069669723511
president,mayor,0.8208044171333313
book,essay,0.8905594348907471
man,warrior,0.8256876468658447
article,journal,0.6674502491950989
breakfast,supper,0.7116423845291138
crowd,parade,0.5536163449287415
aisle,hallway,0.7361787557601929
teacher,rabbi,0.7147142887115479
hip,lip,0.7243772149085999
book,article,0.8211321234703064
room,cell,0.6923408508300781
box,booth,0.3388739824295044
daughter,kid,0.283840149641037
limb,leg,0.6140948534011841
liver,lung,0.9669524431228638
classroom,hallway,0.8171263337135315
mountain,ledge,0.5614683628082275
car,elevator,0.3751051127910614
bed,couch,0.8038727641105652
clothes,button,0.8755770325660706
clothes,coat,0.7392266988754272
kidney,organ,0.546461284160614
apple,sauce,0.8046260476112366
chicken,steak,0.8115785121917725
car,hose,0.25956180691719055
tobacco,cigarette,0.7525836229324341
student,professor,0.87334805727005
baby,daughter,0.4958449900150299
pipe,cigar,0.912264883518219
milk,juice,0.8297051787376404
box,cigar,0.5925923585891724
apartment,hotel,0.8535553216934204
cup,cone,0.4885251820087433
horse,ox,0.7142770290374756
throat,nose,0.7306149005889893
bone,teeth,0.8864954710006714
bone,elbow,0.8075491189956665
bacon,bean,0.7851452827453613
cup,jar,0.38529929518699646
proof,fact,0.8640357255935669
appointment,engagement,0.7168129682540894
birthday,year,0.5170701146125793
word,clue,0.7779793739318848
author,creator,0.8791502118110657
atom,carbon,0.8310778141021729
archbishop,bishop,0.9724214673042297
letter,paragraph,0.6251030564308167
page,paragraph,0.729581356048584
steeple,chapel,0.5980187654495239
muscle,bone,0.915779709815979
muscle,tongue,0.7235649228096008
boy,soldier,0.6229890584945679
belly,abdomen,0.879593014717102
guy,girl,0.8222542405128479
bed,chair,0.13961602747440338
clothes,jacket,0.896856963634491
gun,knife,0.7221851944923401
tin,metal,0.8499246835708618
bottle,container,0.8278316259384155
hen,turkey,0.5749722719192505
meat,bread,0.9269128441810608
arm,bone,0.7574872374534607
neck,spine,0.8794349431991577
apple,lemon,0.5852473974227905
agony,grief,0.8678408265113831
assignment,task,0.6408794522285461
night,dawn,0.7110729813575745
dinner,soup,0.8528304100036621
calf,bull,0.4006485641002655
snow,storm,0.3665751516819
nail,hand,0.8494434952735901
dog,horse,0.7371530532836914
arm,neck,0.8024625778198242
ball,glove,0.7863323092460632
flu,fever,0.7969396710395813
fee,salary,0.8785503506660461
nerve,brain,0.7748523950576782
beast,animal,0.6957376599311829
dinner,chicken,0.761464536190033
girl,maid,0.7478249073028564
child,boy,0.8545046448707581
alcohol,wine,0.7208454608917236
nose,mouth,0.8229480981826782
street,car,0.24233956634998322
bell,door,0.3084685206413269
box,hat,0.4187439978122711
belief,impression,0.8672934174537659
bias,opinion,0.9035845398902893
attention,awareness,0.8425111174583435
anger,mood,0.9276518225669861
elegance,style,0.8775685429573059
beauty,age,0.09260240197181702
book,theme,0.8252087831497192
friend,mother,0.8593874573707581
vitamin,iron,0.7161568999290466
car,factory,0.23103290796279907
pact,condition,0.710909366607666
chapter,choice,0.11121978610754013
arithmetic,rhythm,0.6868178248405457
winner,presence,0.21057753264904022
belief,flower,0.7678700089454651
winner,goal,0.6378304958343506
trick,size,0.5094437003135681
choice,vein,0.7170485258102417
hymn,conquest,0.6277158856391907
endurance,band,0.3055981695652008
jail,choice,0.353805273771286
condition,boy,0.6581221222877502
flower,endurance,0.2685357332229614
hole,agreement,0.5231454372406006
doctor,temper,0.44156256318092346
fraternity,door,-0.12841057777404785
task,woman,0.5095046162605286
fraternity,baseball,0.4176675081253052
cent,size,0.5768454074859619
presence,door,0.6812001466751099
mouse,management,0.4465887248516083
task,highway,0.7433451414108276
liquor,century,0.2431163787841797
task,straw,0.546832263469696
island,task,0.46191197633743286
night,chapter,0.07726249098777771
pollution,president,0.3946254551410675
gun,trick,0.4519961476325989
bath,trick,0.09858738631010056
diet,apple,0.614315390586853
cent,wife,0.10458366572856903
chapter,tail,0.3158791661262512
course,stomach,0.398882120847702
hymn,straw,0.7785965204238892
dentist,colonel,0.6430746912956238
wife,straw,0.32081982493400574
hole,wife,0.13286267220973969
pupil,president,0.568366289138794
bath,wife,0.2562544047832489
people,cent,0.3532416820526123
formula,log,0.5497839450836182
woman,fur,0.6032116413116455
apple,sunshine,0.9130584597587585
gun,dawn,0.5390762686729431
meal,waist,0.9074324369430542
camera,president,0.04328513517975807
liquor,band,0.4354649782180786
stomach,vein,0.6222513318061829
gun,fur,0.39023545384407043
couch,baseball,0.3843950033187866
worker,camera,0.530447244644165
deck,mouse,0.8447073101997375
rice,boy,0.5681268572807312
people,gun,0.6294912695884705
cliff,tail,0.5434334874153137
ankle,window,0.8091786503791809
princess,island,0.28068745136260986
container,mouse,0.8121437430381775
wagon,container,0.9003064632415771
people,balloon,0.6818929314613342
dollar,people,0.5961858034133911
bath,balloon,0.46733754873275757
stomach,bedroom,0.718422532081604
bicycle,bedroom,0.34419161081314087
log,bath,0.47788769006729126
bowl,tail,0.4984620213508606
go,come,0.9471283555030823
take,steal,0.6796263456344604
listen,hear,0.9717811942100525
occur,happen,0.9528961181640625
vanish,disappear,0.7578670382499695
multiply,divide,0.8464556932449341
plead,beg,0.7954564690589905
begin,originate,0.7022173404693604
protect,defend,0.7996364235877991
kill,destroy,0.8848744034767151
create,make,0.7172899842262268
accept,reject,0.8617826700210571
ignore,avoid,0.8270989656448364
carry,bring,0.8350093960762024
leave,enter,0.8391021490097046
choose,elect,0.5093410015106201
lose,fail,0.7334339618682861
encourage,discourage,0.8941603302955627
achieve,accomplish,0.9139031767845154
make,construct,0.6972886323928833
listen,obey,0.8894533514976501
inform,notify,0.9419674873352051
receive,give,0.754969596862793
borrow,beg,0.8032805919647217
take,obtain,0.8545893430709839
advise,recommend,0.9186436533927917
imitate,portray,0.9118793606758118
win,succeed,0.16994810104370117
think,decide,0.8525546789169312
greet,meet,0.8053205013275146
agree,argue,0.9223976731300354
enjoy,entertain,0.9259495139122009
destroy,make,0.745466411113739
save,protect,0.6665170788764954
give,lend,0.7922002077102661
understand,know,0.9224407076835632
take,receive,0.8100570440292358
accept,acknowledge,0.8927531838417053
decide,choose,0.9389734268188477
accept,believe,0.823512852191925
keep,possess,0.877208948135376
succeed,fail,0.6736828088760376
spend,save,0.7941085696220398
leave,go,0.8339975476264954
come,attend,0.5269061923027039
know,believe,0.9728534817695618
gather,meet,0.9048319458961487
make,earn,0.7261680960655212
forget,ignore,0.8733307719230652
multiply,add,0.7892975211143494
shrink,grow,0.8990142345428467
arrive,leave,0.8784753680229187
succeed,try,0.3919273018836975
accept,deny,0.8989090323448181
arrive,come,0.9173502922058105
agree,differ,0.9372674226760864
send,receive,0.7488918900489807
win,dominate,0.5922414064407349
add,divide,0.8607661128044128
kill,choke,0.679473876953125
acquire,get,0.8867633938789368
participate,join,0.7160944938659668
leave,remain,0.882813572883606
go,enter,0.7249501347541809
take,carry,0.8201550245285034
forget,learn,0.7071372866630554
appoint,elect,0.8126023411750793
engage,marry,0.6206651926040649
ask,pray,0.9636988639831543
go,send,0.8580493927001953
take,deliver,0.8868521451950073
speak,hear,0.907532274723053
analyze,evaluate,0.9504555463790894
lose,keep,0.8418984413146973
compare,analyze,0.8833298683166504
go,allow,0.8351892232894897
take,possess,0.7817837595939636
learn,listen,0.8916991353034973
destroy,construct,0.9162986874580383
create,build,0.9209277033805847
steal,buy,0.8412919640541077
kill,hang,0.9063966274261475
forget,know,0.9676239490509033
create,imagine,0.8046175837516785
do,happen,0.8959819078445435
win,accomplish,0.5313754677772522
give,deny,0.8794694542884827
deserve,earn,0.5244560837745667
get,put,0.8759996294975281
locate,find,0.9243849515914917
appear,attend,0.36362579464912415
pretend,imagine,0.9536423683166504
satisfy,please,0.8651567101478577
cherish,keep,0.7031455636024475
argue,differ,0.9529213905334473
overcome,dominate,0.8863277435302734
behave,obey,0.9192159175872803
cooperate,participate,0.770365834236145
achieve,try,0.8801316022872925
fail,discourage,0.9497020244598389
begin,quit,0.8793565034866333
say,participate,0.5404495596885681
come,bring,0.8737336993217468
declare,announce,0.9473979473114014
take,leave,0.8458786010742188
proclaim,announce,0.8249438405036926
acquire,obtain,0.8461345434188843
conclude,decide,0.9311090707778931
please,plead,0.8551352024078369
argue,prove,0.9217690825462341
ask,plead,0.9196648001670837
find,disappear,0.8872308135032654
inspect,examine,0.8581273555755615
verify,justify,0.9581200480461121
assume,predict,0.8362178802490234
learn,evaluate,0.9043624401092529
argue,justify,0.9536371827125549
make,become,0.44769400358200073
discover,originate,0.8335717916488647
achieve,succeed,0.4106752574443817
give,put,0.8822359442710876
understand,listen,0.9374079704284668
expand,grow,0.8319488763809204
borrow,sell,0.8589174747467041
keep,protect,0.8647017478942871
explain,prove,0.9385587573051453
assume,pretend,0.8340180516242981
agree,please,0.845648467540741
forgive,forget,0.9360639452934265
clarify,explain,0.9389538168907166
understand,forgive,0.9356759190559387
remind,forget,0.9106091856956482
get,remain,0.8375570774078369
realize,discover,0.9409921169281006
require,inquire,0.8425567746162415
ignore,ask,0.9257205128669739
think,inquire,0.6749038696289062
reject,avoid,0.7468031048774719
argue,persuade,0.881952702999115
pursue,persuade,0.5811336040496826
accept,forgive,0.841136634349823
do,quit,0.5823222398757935
investigate,examine,0.9432734251022339
discuss,explain,0.88619065284729
owe,lend,0.9124714732170105
explore,discover,0.9400458335876465
complain,argue,0.9540598392486572
withdraw,reject,0.7106570601463318
keep,borrow,0.8393945097923279
beg,ask,0.7890619039535522
arrange,organize,0.8547772169113159
reduce,shrink,0.7742264866828918
speak,acknowledge,0.9241844415664673
give,borrow,0.7868374586105347
kill,defend,0.7364856004714966
disappear,shrink,0.9318416118621826
deliver,carry,0.8186322450637817
breathe,choke,0.6856529712677002
acknowledge,notify,0.902880072593689
become,seem,0.5367916822433472
pretend,seem,0.9496473670005798
accomplish,become,0.6178918480873108
contemplate,think,0.735007107257843
determine,predict,0.9197403788566589
please,entertain,0.8131803870201111
remain,retain,0.8039591312408447
pretend,portray,0.90949946641922
forget,retain,0.6425806879997253
want,choose,0.8589267730712891
lose,get,0.8653599619865417
try,think,0.5295478105545044
become,appear,0.4662973880767822
leave,ignore,0.8070390224456787
accept,recommend,0.911849856376648
leave,wander,0.6757915019989014
keep,give,0.9610188603401184
give,allow,0.9260228276252747
bring,send,0.9527885913848877
absorb,learn,0.8442677855491638
acquire,find,0.93817538022995
leave,appear,0.6725014448165894
create,destroy,0.853692352771759
begin,go,0.7479082345962524
get,buy,0.9551808834075928
collect,save,0.8225921392440796
replace,restore,0.5040430426597595
join,add,0.4617075026035309
join,marry,0.4554874897003174
accept,deliver,0.9325195550918579
attach,join,0.5926450490951538
put,hang,0.8702587485313416
go,sell,0.8994753956794739
communicate,pray,0.9432653784751892
give,steal,0.7676423192024231
add,build,0.8584591150283813
bring,restore,0.9000492095947266
portray,decide,0.8047524094581604
organize,become,0.6398009061813354
give,know,0.8231324553489685
say,verify,0.8735840320587158
cooperate,join,0.5963118672370911
arrange,require,0.9318509101867676
borrow,want,0.8528163433074951
investigate,pursue,0.6034490466117859
ignore,explore,0.812946081161499
bring,complain,0.8827562928199768
enter,owe,0.6412590146064758
portray,notify,0.8652233481407166
remind,sell,0.8561050891876221
absorb,possess,0.9414598941802979
join,acquire,0.5892670154571533
send,attend,0.5685758590698242
gather,attend,0.5890330076217651
absorb,withdraw,0.7709437012672424
attend,arrive,0.6566002368927002
math,male,0.4914218485355377
math,man,0.1878776103258133
math,boy,0.5574044585227966
math,brother,0.345436155796051
math,he,0.31360116600990295
math,him,0.3258403241634369
math,his,0.36245962977409363
math,son,0.19309201836585999
math,female,0.5363658666610718
math,woman,0.5337131023406982
math,girl,0.3912900388240814
math,sister,0.38614746928215027
math,she,0.4110877215862274
math,her,0.4799923002719879
math,hers,0.7196444272994995
math,daughter,0.2664855122566223
algebra,male,0.5352882146835327
algebra,man,0.29485762119293213
algebra,boy,0.5677705407142639
algebra,brother,0.2831263244152069
algebra,he,0.21117901802062988
algebra,him,0.3284584581851959
algebra,his,0.29997798800468445
algebra,son,0.14600057899951935
algebra,female,0.5843086838722229
algebra,woman,0.5535258054733276
algebra,girl,0.468124657869339
algebra,sister,0.3358592092990875
algebra,she,0.330342561006546
algebra,her,0.43323662877082825
algebra,hers,0.7870163321495056
algebra,daughter,0.22253933548927307
geometry,male,0.5292807221412659
geometry,man,0.23219534754753113
geometry,boy,0.5082755088806152
geometry,brother,0.2441173493862152
geometry,he,0.15154103934764862
geometry,him,0.265188068151474
geometry,his,0.2667461335659027
geometry,son,0.10187709331512451
geometry,female,0.5899747610092163
geometry,woman,0.49195805191993713
geometry,girl,0.4326554536819458
geometry,sister,0.2891157865524292
geometry,she,0.2689436376094818
geometry,her,0.3853759169578552
geometry,hers,0.7095445990562439
geometry,daughter,0.184352308511734
calculus,male,0.5320833921432495
calculus,man,0.34043046832084656
calculus,boy,0.5931837558746338
calculus,brother,0.2562013864517212
calculus,he,0.2561067044734955
calculus,him,0.42592811584472656
calculus,his,0.3400186002254486
calculus,son,0.12363436073064804
calculus,female,0.569753110408783
calculus,woman,0.6022376418113708
calculus,girl,0.5061182975769043
calculus,sister,0.310507595539093
calculus,she,0.37487316131591797
calculus,her,0.48457640409469604
calculus,hers,0.8192564845085144
calculus,daughter,0.19874973595142365
equations,male,0.5127279162406921
equations,man,0.3844611346721649
equations,boy,0.543739914894104
equations,brother,0.21352757513523102
equations,he,0.0684322640299797
equations,him,0.41978365182876587
equations,his,0.24269205331802368
equations,son,0.11511843651533127
equations,female,0.5326288342475891
equations,woman,0.49639055132865906
equations,girl,0.48760682344436646
equations,sister,0.24792258441448212
equations,she,0.16009119153022766
equations,her,0.3466746509075165
equations,hers,0.7768564820289612
equations,daughter,0.1541309654712677
computation,male,0.5557079315185547
computation,man,0.3031260669231415
computation,boy,0.5000396370887756
computation,brother,0.2061849683523178
computation,he,0.2659118175506592
computation,him,0.3332822024822235
computation,his,0.24557672441005707
computation,son,0.1403162181377411
computation,female,0.621026337146759
computation,woman,0.5650332570075989
computation,girl,0.40284833312034607
computation,sister,0.22228337824344635
computation,she,0.3335551917552948
computation,her,0.3325141668319702
computation,hers,0.715833306312561
computation,daughter,0.1862727850675583
numbers,male,0.512886106967926
numbers,man,0.6013689637184143
numbers,boy,0.5888493061065674
numbers,brother,0.15591277182102203
numbers,he,0.14834223687648773
numbers,him,0.5539413690567017
numbers,his,0.3605668246746063
numbers,son,-0.001582299591973424
numbers,female,0.45647943019866943
numbers,woman,0.431791216135025
numbers,girl,0.5554361939430237
numbers,sister,0.2000804990530014
numbers,she,0.17383648455142975
numbers,her,0.4173584580421448
numbers,hers,0.7035962343215942
numbers,daughter,0.028430085629224777
addition,male,0.4272521734237671
addition,man,0.1948530226945877
addition,boy,0.4116734266281128
addition,brother,0.16611547768115997
addition,he,0.24384821951389313
addition,him,0.20381830632686615
addition,his,0.31336846947669983
addition,son,0.016251960769295692
addition,female,0.47363168001174927
addition,woman,0.37961292266845703
addition,girl,0.35568585991859436
addition,sister,0.24685630202293396
addition,she,0.3495403528213501
addition,her,0.43500763177871704
addition,hers,0.5586351752281189
addition,daughter,0.09362370520830154
poetry,male,0.621568500995636
poetry,man,0.3969839811325073
poetry,boy,0.6489907503128052
poetry,brother,0.3456833064556122
poetry,he,0.1798383593559265
poetry,him,0.173916295170784
poetry,his,0.3345946669578552
poetry,son,0.17146283388137817
poetry,female,0.6217674612998962
poetry,woman,0.5682503581047058
poetry,girl,0.6607037782669067
poetry,sister,0.4575583040714264
poetry,she,0.3800338804721832
poetry,her,0.5292478799819946
poetry,hers,0.7768583297729492
poetry,daughter,0.2893317937850952
art,male,0.35720619559288025
art,man,0.04043712094426155
art,boy,0.4339066445827484
art,brother,0.19994714856147766
art,he,0.17966796457767487
art,him,0.020268160849809647
art,his,0.18280667066574097
art,son,0.11586051434278488
art,female,0.4152619242668152
art,woman,0.32787010073661804
art,girl,0.3687373995780945
art,sister,0.29552164673805237
art,she,0.35616710782051086
art,her,0.3483704626560211
art,hers,0.538419783115387
art,daughter,0.19238907098770142
dance,male,0.5636070370674133
dance,man,0.4200918674468994
dance,boy,0.6071714758872986
dance,brother,0.08936960995197296
dance,he,0.16986078023910522
dance,him,0.18646107614040375
dance,his,0.27263909578323364
dance,son,-0.11527003347873688
dance,female,0.5809234976768494
dance,woman,0.46047669649124146
dance,girl,0.6384891867637634
dance,sister,0.20535551011562347
dance,she,0.40732476115226746
dance,her,0.5088337659835815
dance,hers,0.594639778137207
dance,daughter,-0.014682079665362835
literature,male,0.5247978568077087
literature,man,0.1339859962463379
literature,boy,0.4022487998008728
literature,brother,0.27659380435943604
literature,he,0.22382092475891113
literature,him,0.12208569794893265
literature,his,0.2899375557899475
literature,son,0.15692313015460968
literature,female,0.5688227415084839
literature,woman,0.4812368154525757
literature,girl,0.35012608766555786
literature,sister,0.32661572098731995
literature,she,0.3629801869392395
literature,her,0.4210655391216278
literature,hers,0.6039204001426697
literature,daughter,0.24444982409477234
novel,male,0.4983733296394348
novel,man,0.5733349919319153
novel,boy,0.6599389910697937
novel,brother,0.4450792968273163
novel,he,0.09199368208646774
novel,him,0.162372425198555
novel,his,0.26308947801589966
novel,son,0.3378239572048187
novel,female,0.46016812324523926
novel,woman,0.5689547657966614
novel,girl,0.781283438205719
novel,sister,0.5511425137519836
novel,she,0.2764318883419037
novel,her,0.4548364579677582
novel,hers,0.6490232944488525
novel,daughter,0.4395120441913605
symphony,male,0.1514015644788742
symphony,man,0.023686766624450684
symphony,boy,0.1428675800561905
symphony,brother,0.06893020123243332
symphony,he,0.06024259328842163
symphony,him,-0.21717825531959534
symphony,his,-0.1068667471408844
symphony,son,0.0943715050816536
symphony,female,0.2367822229862213
symphony,woman,0.029811140149831772
symphony,girl,0.12354516237974167
symphony,sister,0.09868628531694412
symphony,she,0.1402261108160019
symphony,her,-0.03100157529115677
symphony,hers,0.16376756131649017
symphony,daughter,0.1217547059059143
drama,male,0.4951493740081787
drama,man,0.3999180793762207
drama,boy,0.5590713024139404
drama,brother,0.136819988489151
drama,he,0.10253066569566727
drama,him,0.001774223754182458
drama,his,0.18795324862003326
drama,son,-0.004001048393547535
drama,female,0.531669557094574
drama,woman,0.40406399965286255
drama,girl,0.6463971138000488
drama,sister,0.2679068148136139
drama,she,0.33976244926452637
drama,her,0.41624313592910767
drama,hers,0.5213620066642761
drama,daughter,0.10867489874362946
sculpture,male,0.41725125908851624
sculpture,man,0.19515462219715118
sculpture,boy,0.5428281426429749
sculpture,brother,0.2717213034629822
sculpture,he,0.2123832106590271
sculpture,him,0.1896449476480484
sculpture,his,0.27214211225509644
sculpture,son,0.13926291465759277
sculpture,female,0.45865872502326965
sculpture,woman,0.44621455669403076
sculpture,girl,0.4747357964515686
sculpture,sister,0.3734027147293091
sculpture,she,0.39702093601226807
sculpture,her,0.4711754322052002
sculpture,hers,0.6850447654724121
sculpture,daughter,0.23923185467720032
science,male,0.36621013283729553
science,man,0.007960592396557331
science,boy,0.2506144940853119
science,brother,0.1486099809408188
science,he,0.17707420885562897
science,him,0.09984154999256134
science,his,0.24288921058177948
science,son,0.04420991241931915
science,female,0.4422962963581085
science,woman,0.2892759442329407
science,girl,0.19650816917419434
science,sister,0.183120995759964
science,she,0.25951650738716125
science,her,0.32115310430526733
science,hers,0.4633851647377014
science,daughter,0.12689939141273499
technology,male,0.24995723366737366
technology,man,-0.07801689952611923
technology,boy,0.18133214116096497
technology,brother,0.008031763136386871
technology,he,0.21708030998706818
technology,him,0.09284631162881851
technology,his,0.14411480724811554
technology,son,-0.007387431804090738
technology,female,0.3525088429450989
technology,woman,0.22717896103858948
technology,girl,0.08826708048582077
technology,sister,0.04481935873627663
technology,she,0.2708219885826111
technology,her,0.20609372854232788
technology,hers,0.4163466691970825
technology,daughter,0.045204464346170425
physics,male,0.2719457745552063
physics,man,-0.04821417108178139
physics,boy,0.23392382264137268
physics,brother,0.19720906019210815
physics,he,0.2483062595129013
physics,him,0.14632977545261383
physics,his,0.17893946170806885
physics,son,0.1244899183511734
physics,female,0.35165929794311523
physics,woman,0.2783513367176056
physics,girl,0.11556883156299591
physics,sister,0.2163052260875702
physics,she,0.28927162289619446
physics,her,0.24034692347049713
physics,hers,0.44373762607574463
physics,daughter,0.19730223715305328
chemistry,male,0.2630922794342041
chemistry,man,-0.04328915476799011
chemistry,boy,0.28460127115249634
chemistry,brother,0.2274460792541504
chemistry,he,0.2605665326118469
chemistry,him,0.16448596119880676
chemistry,his,0.2150871604681015
chemistry,son,0.14601634442806244
chemistry,female,0.33503907918930054
chemistry,woman,0.30410149693489075
chemistry,girl,0.15255527198314667
chemistry,sister,0.26049336791038513
chemistry,she,0.3186795115470886
chemistry,her,0.29533150792121887
chemistry,hers,0.48444658517837524
chemistry,daughter,0.22241854667663574
einstein,male,0.4337911307811737
einstein,man,0.3006899058818817
einstein,boy,0.632239043712616
einstein,brother,0.5805960893630981
einstein,he,0.21396617591381073
einstein,him,0.3438774645328522
einstein,his,0.3605045676231384
einstein,son,0.4749693274497986
einstein,female,0.4468879699707031
einstein,woman,0.5805362462997437
einstein,girl,0.5025758147239685
einstein,sister,0.6069580912590027
einstein,she,0.31903859972953796
einstein,her,0.4785633683204651
einstein,hers,0.7943778038024902
einstein,daughter,0.5403786301612854
nasa,male,0.39720889925956726
nasa,man,0.18316736817359924
nasa,boy,0.3851938545703888
nasa,brother,0.13819535076618195
nasa,he,0.32809650897979736
nasa,him,0.3017169237136841
nasa,his,0.22778670489788055
nasa,son,0.08888877183198929
nasa,female,0.4842606782913208
nasa,woman,0.46723103523254395
nasa,girl,0.2637957036495209
nasa,sister,0.14240145683288574
nasa,she,0.33705705404281616
nasa,her,0.27387434244155884
nasa,hers,0.5553607940673828
nasa,daughter,0.14384759962558746
experiment,male,0.6222664713859558
experiment,man,0.5037888288497925
experiment,boy,0.6941369771957397
experiment,brother,0.1947624236345291
experiment,he,0.3026719391345978
experiment,him,0.5541990995407104
experiment,his,0.35092487931251526
experiment,son,0.023319760337471962
experiment,female,0.621749222278595
experiment,woman,0.6676361560821533
experiment,girl,0.6229800581932068
experiment,sister,0.2644524574279785
experiment,she,0.4112911820411682
experiment,her,0.5154755115509033
experiment,hers,0.8505847454071045
experiment,daughter,0.10664835572242737
astronomy,male,0.40789204835891724
astronomy,man,0.10054049640893936
astronomy,boy,0.42226457595825195
astronomy,brother,0.2252810150384903
astronomy,he,0.2723354995250702
astronomy,him,0.2263098955154419
astronomy,his,0.2758168876171112
astronomy,son,0.1306491643190384
astronomy,female,0.48406776785850525
astronomy,woman,0.4508778154850006
astronomy,girl,0.2920839786529541
astronomy,sister,0.2734990119934082
astronomy,she,0.37144866585731506
astronomy,her,0.39282092452049255
astronomy,hers,0.6234450936317444
astronomy,daughter,0.20558395981788635
executive,male,0.44487425684928894
executive,man,0.23855721950531006
executive,boy,0.33564066886901855
executive,brother,0.1774865686893463
executive,he,0.21180705726146698
executive,him,0.12431256473064423
executive,his,0.04064858332276344
executive,son,0.22820162773132324
executive,female,0.5669022798538208
executive,woman,0.43983834981918335
executive,girl,0.24733631312847137
executive,sister,0.1441587656736374
executive,she,0.17939995229244232
executive,her,0.029963938519358635
executive,hers,0.34953945875167847
executive,daughter,0.24638570845127106
management,male,0.331530898809433
management,man,0.026384219527244568
management,boy,0.2575756013393402
management,brother,0.006773235276341438
management,he,0.2088579684495926
management,him,0.30228736996650696
management,his,0.3270952105522156
management,son,-0.09997200965881348
management,female,0.44302865862846375
management,woman,0.2901473939418793
management,girl,0.09203863888978958
management,sister,-0.007350821979343891
management,she,0.19380095601081848
management,her,0.3170895278453827
management,hers,0.4611812233924866
management,daughter,-0.068705253303051
professional,male,0.585402250289917
professional,man,0.30581605434417725
professional,boy,0.35886430740356445
professional,brother,0.30285313725471497
professional,he,0.21722039580345154
professional,him,0.22298245131969452
professional,his,0.33395305275917053
professional,son,0.13081234693527222
professional,female,0.5484140515327454
professional,woman,0.36985501646995544
professional,girl,0.25255948305130005
professional,sister,0.2379136085510254
professional,she,0.17118848860263824
professional,her,0.2836681604385376
professional,hers,0.31883248686790466
professional,daughter,0.13167637586593628
corporation,male,0.31822577118873596
corporation,man,0.038814790546894073
corporation,boy,0.18229861557483673
corporation,brother,-0.04862917214632034
corporation,he,0.19158877432346344
corporation,him,0.045054443180561066
corporation,his,0.010380090214312077
corporation,son,-0.015471672639250755
corporation,female,0.4443284571170807
corporation,woman,0.2680216133594513
corporation,girl,0.10820062458515167
corporation,sister,-0.047345709055662155
corporation,she,0.2026447057723999
corporation,her,0.03986841067671776
corporation,hers,0.3229638338088989
corporation,daughter,0.01320787612348795
salary,male,0.2639243006706238
salary,man,0.5051171183586121
salary,boy,0.37132570147514343
salary,brother,0.07504525035619736
salary,he,0.18455307185649872
salary,him,0.5088363885879517
salary,his,0.22268390655517578
salary,son,0.040086936205625534
salary,female,0.22376848757266998
salary,woman,0.274658203125
salary,girl,0.31864655017852783
salary,sister,0.0767749547958374
salary,she,0.10742715746164322
salary,her,0.21121056377887726
salary,hers,0.42039430141448975
salary,daughter,0.025215964764356613
office,male,0.05086614936590195
office,man,0.18634817004203796
office,boy,0.2632889449596405
office,brother,0.012894822284579277
office,he,0.3682440519332886
office,him,0.37897205352783203
office,his,0.1546822339296341
office,son,0.10832466185092926
office,female,0.1375284045934677
office,woman,0.34789448976516724
office,girl,0.14403191208839417
office,sister,0.03313758224248886
office,she,0.2901134788990021
office,her,0.15111000835895538
office,hers,0.39562898874282837
office,daughter,0.12397643178701401
business,male,0.31028085947036743
business,man,0.06357338279485703
business,boy,0.4636932611465454
business,brother,0.18880216777324677
business,he,0.270577073097229
business,him,0.4040192663669586
business,his,0.4173717796802521
business,son,0.044192373752593994
business,female,0.3698264956474304
business,woman,0.38997453451156616
business,girl,0.2635102868080139
business,sister,0.2362382560968399
business,she,0.30704155564308167
business,her,0.4849901795387268
business,hers,0.6321480870246887
business,daughter,0.1042565405368805
career,male,0.18244490027427673
career,man,-0.01731792278587818
career,boy,0.2177724689245224
career,brother,0.2976003587245941
career,he,0.24495162069797516
career,him,-0.033762313425540924
career,his,0.280926376581192
career,son,0.1728360652923584
career,female,0.15042659640312195
career,woman,0.02175469510257244
career,girl,0.0961848571896553
career,sister,0.2687131464481354
career,she,0.18313449621200562
career,her,0.19241032004356384
career,hers,0.20815615355968475
career,daughter,0.16489529609680176
home,male,-0.10279232263565063
home,man,0.16394521296024323
home,boy,0.25617337226867676
home,brother,0.11264792829751968
home,he,0.11783627420663834
home,him,0.2772236764431
home,his,0.2307979166507721
home,son,0.109397754073143
home,female,-0.12706556916236877
home,woman,0.0494004525244236
home,girl,0.14300112426280975
home,sister,0.15654337406158447
home,she,0.11727733910083771
home,her,0.2849977910518646
home,hers,0.27575141191482544
home,daughter,0.07251118123531342
parents,male,0.15360817313194275
parents,man,0.19391287863254547
parents,boy,0.5140862464904785
parents,brother,0.7010225057601929
parents,he,0.2830827236175537
parents,him,0.29377177357673645
parents,his,0.2253475934267044
parents,son,0.6390883922576904
parents,female,0.0692063421010971
parents,woman,0.4155934154987335
parents,girl,0.3545432984828949
parents,sister,0.7290610074996948
parents,she,0.3499898314476013
parents,her,0.3374744951725006
parents,hers,0.6395558714866638
parents,daughter,0.6630361080169678
children,male,0.34947389364242554
children,man,0.39775019884109497
children,boy,0.5862001180648804
children,brother,0.6634586453437805
children,he,0.17174093425273895
children,him,0.16950596868991852
children,his,0.20667733252048492
children,son,0.6028565168380737
children,female,0.2687029242515564
children,woman,0.41442427039146423
children,girl,0.517806887626648
children,sister,0.7417198419570923
children,she,0.2698262631893158
children,her,0.32783761620521545
children,hers,0.6858999729156494
children,daughter,0.6749358177185059
family,male,0.19553755223751068
family,man,0.22048604488372803
family,boy,0.5528203845024109
family,brother,0.5580953359603882
family,he,0.2371131032705307
family,him,0.3338472545146942
family,his,0.23030973970890045
family,son,0.5847907662391663
family,female,0.14919383823871613
family,woman,0.4697047173976898
family,girl,0.37329545617103577
family,sister,0.6160944104194641
family,she,0.307996928691864
family,her,0.3587062656879425
family,hers,0.6362038850784302
family,daughter,0.5782982110977173
cousins,male,0.46751388907432556
cousins,man,0.5547522306442261
cousins,boy,0.7708249092102051
cousins,brother,0.8270996809005737
cousins,he,0.2751704454421997
cousins,him,0.425182044506073
cousins,his,0.4371524751186371
cousins,son,0.6785432696342468
cousins,female,0.36870887875556946
cousins,woman,0.5971500277519226
cousins,girl,0.6797915697097778
cousins,sister,0.8521062731742859
cousins,she,0.3334563970565796
cousins,her,0.5137952566146851
cousins,hers,0.806999921798706
cousins,daughter,0.7269371151924133
marriage,male,0.13486330211162567
marriage,man,0.4020969271659851
marriage,boy,0.5907819271087646
marriage,brother,0.6748507618904114
marriage,he,0.20694945752620697
marriage,him,0.4066612720489502
marriage,his,0.45519864559173584
marriage,son,0.6441702842712402
marriage,female,0.04940817132592201
marriage,woman,0.5105230808258057
marriage,girl,0.546387255191803
marriage,sister,0.7570111751556396
marriage,she,0.27378183603286743
marriage,her,0.5504425764083862
marriage,hers,0.6878836154937744
marriage,daughter,0.7051061391830444
wedding,male,0.2402304708957672
wedding,man,0.5395188331604004
wedding,boy,0.6912854909896851
wedding,brother,0.5695831775665283
wedding,he,0.22288088500499725
wedding,him,0.3458213210105896
wedding,his,0.33293551206588745
wedding,son,0.49041545391082764
wedding,female,0.17509031295776367
wedding,woman,0.5587576627731323
wedding,girl,0.7065941691398621
wedding,sister,0.670872151851654
wedding,she,0.3903297781944275
wedding,her,0.5344750285148621
wedding,hers,0.7253980040550232
wedding,daughter,0.5761399865150452
relatives,male,0.31992727518081665
relatives,man,0.3794667720794678
relatives,boy,0.7072002291679382
relatives,brother,0.5606456398963928
relatives,he,0.2598113715648651
relatives,him,0.5409263372421265
relatives,his,0.43890929222106934
relatives,son,0.43598735332489014
relatives,female,0.26357707381248474
relatives,woman,0.5532637238502502
relatives,girl,0.5486157536506653
relatives,sister,0.633989691734314
relatives,she,0.34579354524612427
relatives,her,0.5690010786056519
relatives,hers,0.8875372409820557
relatives,daughter,0.491659015417099
